file,service_key,source_type,licence,source_url,checksum_sha256,width,height
photos/bathroom/bathroom_cover_v2.jpg,bathroom,AI illustration (Meta AI),generated,,be3111099e00b982feebfd60be6dcd7d2ad0a0b574149872dcc6dc8622364483,1920,1280
photos/bathroom/bathroom_finished_v2.jpg,bathroom,AI illustration (Meta AI),generated,,8c751fb8074e1d64a774d3582ed2ab251a77154f4fef032ba382d14cd325e209,2048,1152
photos/bathroom/bathroom_grout_v2.jpg,bathroom,AI illustration (Meta AI),generated,,f8d0b35c3d15cfdfc51ce45d9ea507bc8fb83348221052aeb7168ca4a8ad8419,2048,1152
photos/bathroom/bathroom_roughin_v2.jpg,bathroom,AI illustration (Meta AI),generated,,6548b676a13d94c8e272e990ac08d467f8ff067c14036d22fff157d67e020907,2048,1152
photos/bathroom/bathroom_stripout_v2.jpg,bathroom,AI illustration (Meta AI),generated,,c31055c777c46943ced62d173d92d42d5cb0189a281d985947dd972da66bf038,2048,1152
photos/ceilings/ceilings_frame_AI_01.jpg,ceilings,AI illustration (Meta AI),generated,,880bdd6bb3391a4f9b276694256fe873c3cab877f6a4616db8e28bcdca1ff8c8,2048,1152
photos/ceilings/pexels_6474313.jpg,ceilings,stock photo,pexels,https://www.pexels.com/photo/wooden-materials-in-a-room-6474313/,2a8467a498a032e9cead2aa139503c1d3e89ffdee101e3ba52d8baa234f28562,2400,3600
photos/ceilings/pexels_7166945.jpg,ceilings,stock photo,pexels,https://www.pexels.com/photo/contemporary-apartment-interior-design-7166945/,ae7af07d36a5640955ce29ce24587b4c407134deb960e8e40c464bb1ec177424,2400,1602
photos/ceilings/unsplash_89RsOg-hWyM.jpg,ceilings,stock photo,unsplash,https://unsplash.com/photos/elegant-lighting-and-curves-decorate-the-ceiling-89RsOg-hWyM,5a1c334433b7ad83fdebdba0693293d71d55841a03acfaa9a0c027734cba3a63,2400,3600
photos/ceilings/unsplash_i5UA8CfAD34.jpg,ceilings,stock photo,unsplash,https://unsplash.com/photos/a-modern-living-room-features-decorative-ceiling-lights-i5UA8CfAD34,7743f14da5251435155afae9347b98b6d58b4966873e4e224e3b750e090be410,2400,3595
photos/repairs/repairs_cabinet_v2.jpg,repairs,AI illustration (Meta AI),generated,,d29d38eda7c5ef8eb6b38130635bfdb24ef2f6774fa4a76b4d305bfcf9551559,2048,1152
photos/repairs/repairs_cover_v2.jpg,repairs,AI illustration (Meta AI),generated,,151e3e861b9413545a4694726b627e1dcae16af19060e0dada08031bd34bf714,2048,1152
photos/repairs/repairs_crack_v2.jpg,repairs,AI illustration (Meta AI),generated,,3f0b431b06f05f0beaa6c56e6f8db34cb971ecd157f53dd81a0d4320a2c4580a,2048,1152
photos/repairs/repairs_silicone_v2.jpg,repairs,AI illustration (Meta AI),generated,,e461764f8981d64bb8b927b966c4b79482eac3ea93e2b402794230d9ac705d74,2048,1152
photos/repairs/repairs_sink_v2.jpg,repairs,AI illustration (Meta AI),generated,,aa7feae093954597b2d1c5df3b9d5da76f32c6ddc023989a695ee9c954f91fd2,2048,1152
